loss,accuracy
0.6963229179382324,0.7225491173830657
0.5300782322883606,0.7338186895382467
0.38985612988471985,0.7279345766430637
0.251114159822464,0.7254413084671387
0.1636272668838501,0.7190585419367708
