loss,accuracy
0.7129536867141724,0.7122768524982547
0.569607138633728,0.7261394235563977
0.4473026394844055,0.7197566570260298
0.3287758529186249,0.7211528872045477
0.23013897240161896,0.7148698514012167
