loss,accuracy
0.7133308053016663,0.7140720055849207
0.5695366263389587,0.7226488481101028
0.4498583674430847,0.7225491173830657
0.3327484726905823,0.7130746983145507
0.2367212474346161,0.7067916625112197
