loss,accuracy
0.6541532278060913,0.7323227286326918
0.53435879945755,0.7505734516804627
0.4485582113265991,0.7413982247930587
0.35824549198150635,0.7476812605963897
0.2809250056743622,0.7241448090156577
